{"cameraMode":{"drawMode":0,"name":"Shaded","section":"Shading Mode"},"sceneLighting":false,"audioPlay":false,"sceneViewState":{"m_AlwaysRefresh":false,"showFog":true,"showSkybox":false,"showFlares":true,"showImageEffects":true,"showParticleSystems":true,"showVisualEffectGraphs":true,"m_FxEnabled":true},"in2DMode":false,"pivot":{"x":3.8082408905029299,"y":-0.9245308637619019,"z":10.662097930908204},"rotation":{"x":0.041504114866256717,"y":0.9108615517616272,"z":-0.09461228549480438,"w":0.39957407116889956},"size":1.450061559677124,"orthographic":true}