{"cameraMode":{"drawMode":0,"name":"Shaded","section":"Shading Mode"},"sceneLighting":false,"audioPlay":false,"sceneViewState":{"m_AlwaysRefresh":false,"showFog":true,"showSkybox":false,"showFlares":true,"showImageEffects":true,"showParticleSystems":true,"showVisualEffectGraphs":true,"m_FxEnabled":true},"in2DMode":false,"pivot":{"x":17.293630599975587,"y":3.03662371635437,"z":-1.7184169292449952},"rotation":{"x":-0.0016039273468777538,"y":0.8451237678527832,"z":0.002535252133384347,"w":0.5345697402954102},"size":0.7885386347770691,"orthographic":false}